beta_profiles,
world_draemcore,
sadi1vv,
fettipup,
sweetk1ngel,
kellydachennetina,
iae_016,
cartonofmilk04,
1zumi_z,
tominari23,
xokksa_a,
tiaioi_112221,
mysterious_dreamcore,
mabiiulixo,
fuwafuwayagi,
yumezra,
tweedythelove,
anniethecoo1est,
ramenjoyner,
sushyste,
sergiobarrosoficial,
andressahcatty,
yadielmistering,
nicey_micey7,
allademidenko,
romanceplanet222,
jitatsu_hayashi222,
sugarypyon,
meiocarecaa,
mafecabrxi,
biachinin,
bloozstella,
iamlunahellena,
bellalonguinho,
angelbupl,
myliminaldream,
opetergriffinbr,
menherachan_channel,
dreamlifeclub,
kirbycottongacha89,
sweetiepuppii,
_caramelo_animations_,
choccoclover,
aniipaw,
henri.barb,
ace_leaves,
augustoren,
ac1d_bunn1,
dinodining,
dr3amc0re6w3irdc0re,
hizaphie_chizyui,
lucasmotti,
d2s1_,
pythonerik,
p4wwgirl1,
frutigeraesthetic_,
harunasie,
liminal.weirdcore,
_the1only_emily,
ipod_time08,
k.kattqnzz___,
ririnyannn,
yuqikunn,
zar.tech,
kimfloresx,
isatamentel4dy,
purrinnn,
torturedbyexi,
sortofbun,
nostalgiahunter00s,
estertteixeira,
ios_aesthetics0,
jupi77er,
mentesestoicas,
minijisatsu_hayashi222,
chitamiichan,
dilanastech,
bunyuyu,
onimai_anime,
kayrodrys,
_safiraxo2,
homomeru,
mnrrvi,
felquinhas_,
